{"cameraMode":{"drawMode":0,"name":"Shaded","section":"Shading Mode"},"sceneLighting":true,"audioPlay":false,"sceneViewState":{"m_AlwaysRefresh":false,"showFog":true,"showSkybox":true,"showFlares":true,"showImageEffects":true,"showParticleSystems":true,"showVisualEffectGraphs":true,"m_FxEnabled":true},"in2DMode":false,"pivot":{"x":-0.2256038784980774,"y":1.4202895164489747,"z":-0.13250720500946046},"rotation":{"x":0.2659837007522583,"y":0.1638476401567459,"z":-0.045930586755275729,"w":0.9488417506217957},"size":0.9123790860176086,"orthographic":false}